<?xml version="1.0" encoding="utf-8"?>
<template>
	<name>dao</name>
	<filePath>src/main/java/${StringTools.replace(package,".","/")}/${module}/dao</filePath>
	<fileName>${table.capitalizeClassName}MapperImpl.java</fileName>
	<content><![CDATA[

package ${package}.${module}.dao;

import java.io.Serializable;
import java.util.Date;
import ${package}.utils.CommonMapper;
import com.baomidou.dynamic.datasource.annotation.DS;
import ${package}.${module}.domain.${table.capitalizeClassName};

import org.springframework.stereotype.Repository;

/** 
 * ${table.comment} mapper
 * 
 * @author ${author}
 * @version ${version}
 */
@Repository
@DS("master")
public interface ${table.capitalizeClassName}MapperImpl extends CommonMapper<${table.capitalizeClassName}>{
	
}]]>
	</content>
</template>