<?xml version="1.0" encoding="utf-8"?>
<template>
	<name>entity</name>
	<filePath>src/main/java/${StringTools.replace(package,".","/")}/${module}/domain</filePath>
	<fileName>${table.capitalizeClassName}.java</fileName>
	<content><![CDATA[

package ${package}.${module}.domain;

import java.io.Serializable;
import java.util.Date;
import javax.persistence.*;

/**
 * ${table.comment}
 * 
 * @author ${author}
 * @version ${version}
 */
@Table(name = "${table.name}")
public class ${table.capitalizeClassName} implements Serializable{
	
	private static final long serialVersionUID = 1L;
	<#-- 生成字段属性 -->
	<#list table.genTableColumns as c>
    <#if c.comment??>
	/**
    * ${c.comment}
    */
    </#if>	
    <#if c.isKey == 1>
    @Id
    @GeneratedValue(strategy = GenerationType.IDENTITY)
    private ${JavaHelper.getSimpleType(c.simpleJdbcType)} ${c.field};	 
    <#else>
    @Column(name = "${c.name}")
    private ${JavaHelper.getSimpleType(c.simpleJdbcType)} ${c.field}; 
    </#if>	
	</#list>

	<#-- 生成get和set方法 -->
	<#list table.genTableColumns as c>
	public ${JavaHelper.getSimpleType(c.simpleJdbcType)} get${c.field?cap_first}() {
		return ${c.field};
	}
    
	public void set${c.field?cap_first}(${JavaHelper.getSimpleType(c.simpleJdbcType)} ${c.field}) {
		this.${c.field} = ${c.field};
	}
	</#list>
}]]>
	</content>
</template>